{
	"credit": "Made with Blockbench",
	"parent": "minecraft:block/block",
	"texture_size": [64, 64],
	"textures": {
		"0": "ugoblock:item/seat",
		"particle": "ugoblock:item/seat"
	},
	"elements": [
		{
			"from": [3, 0, 3],
			"to": [5, 6, 5],
			"rotation": {"angle": 0, "axis": "x", "origin": [8, 6, 8]},
			"faces": {
				"north": {"uv": [7.25, 1.5, 7.75, 3], "texture": "#0"},
				"east": {"uv": [7.75, 1.5, 8.25, 3], "texture": "#0"},
				"south": {"uv": [8.25, 1.5, 8.75, 3], "texture": "#0"},
				"west": {"uv": [8.75, 1.5, 9.25, 3], "texture": "#0"},
				"up": {"uv": [3.75, 7, 3.25, 6.5], "texture": "#0"},
				"down": {"uv": [4.25, 6.5, 3.75, 7], "texture": "#0"}
			}
		},
		{
			"from": [11, 0, 3],
			"to": [13, 6, 5],
			"rotation": {"angle": 0, "axis": "y", "origin": [8, 6, 8]},
			"faces": {
				"north": {"uv": [7.75, 1.5, 7.25, 3], "texture": "#0"},
				"east": {"uv": [9.25, 1.5, 8.75, 3], "texture": "#0"},
				"south": {"uv": [8.75, 1.5, 8.25, 3], "texture": "#0"},
				"west": {"uv": [8.25, 1.5, 7.75, 3], "texture": "#0"},
				"up": {"uv": [3.25, 7, 3.75, 6.5], "texture": "#0"},
				"down": {"uv": [3.75, 6.5, 4.25, 7], "texture": "#0"}
			}
		},
		{
			"from": [11, 0, 11],
			"to": [13, 6, 13],
			"rotation": {"angle": 0, "axis": "y", "origin": [8, 6, 8]},
			"faces": {
				"north": {"uv": [8.25, 1.5, 8.75, 3], "texture": "#0"},
				"east": {"uv": [8.75, 1.5, 9.25, 3], "texture": "#0"},
				"south": {"uv": [7.25, 1.5, 7.75, 3], "texture": "#0"},
				"west": {"uv": [7.75, 1.5, 8.25, 3], "texture": "#0"},
				"up": {"uv": [3.25, 6.5, 3.75, 7], "texture": "#0"},
				"down": {"uv": [3.75, 7, 4.25, 6.5], "texture": "#0"}
			}
		},
		{
			"from": [3, 0, 11],
			"to": [5, 6, 13],
			"rotation": {"angle": 0, "axis": "x", "origin": [8, 6, 8]},
			"faces": {
				"north": {"uv": [8.75, 1.5, 8.25, 3], "texture": "#0"},
				"east": {"uv": [8.25, 1.5, 7.75, 3], "texture": "#0"},
				"south": {"uv": [7.75, 1.5, 7.25, 3], "texture": "#0"},
				"west": {"uv": [9.25, 1.5, 8.75, 3], "texture": "#0"},
				"up": {"uv": [3.75, 6.5, 3.25, 7], "texture": "#0"},
				"down": {"uv": [4.25, 7, 3.75, 6.5], "texture": "#0"}
			}
		},
		{
			"from": [3, 7, 12],
			"to": [5, 16, 13],
			"rotation": {"angle": 22.5, "axis": "x", "origin": [8, 7, 11]},
			"faces": {
				"north": {"uv": [6.25, 1.5, 6.75, 3.75], "texture": "#0"},
				"east": {"uv": [6.25, 3.75, 6.5, 6], "texture": "#0"},
				"south": {"uv": [6.75, 1.5, 7.25, 3.75], "texture": "#0"},
				"west": {"uv": [6.5, 3.75, 6.75, 6], "texture": "#0"},
				"up": {"uv": [6.75, 6.25, 6.25, 6], "texture": "#0"},
				"down": {"uv": [6.75, 6.25, 6.25, 6.5], "texture": "#0"}
			}
		},
		{
			"from": [11, 7, 12],
			"to": [13, 16, 13],
			"rotation": {"angle": 22.5, "axis": "x", "origin": [8, 7, 11]},
			"faces": {
				"north": {"uv": [6.75, 1.5, 6.25, 3.75], "texture": "#0"},
				"east": {"uv": [6.75, 3.75, 6.5, 6], "texture": "#0"},
				"south": {"uv": [7.25, 1.5, 6.75, 3.75], "texture": "#0"},
				"west": {"uv": [6.5, 3.75, 6.25, 6], "texture": "#0"},
				"up": {"uv": [6.25, 6.25, 6.75, 6], "texture": "#0"},
				"down": {"uv": [6.25, 6.25, 6.75, 6.5], "texture": "#0"}
			}
		},
		{
			"from": [2, 10, 11],
			"to": [14, 18, 12],
			"rotation": {"angle": 22.5, "axis": "x", "origin": [8, 7, 11]},
			"faces": {
				"north": {"uv": [3.25, 3, 6.25, 5], "texture": "#0"},
				"east": {"uv": [7, 3.75, 7.25, 5.75], "texture": "#0"},
				"south": {"uv": [3.25, 3, 6.25, 5], "texture": "#0"},
				"west": {"uv": [6.75, 3.75, 7, 5.75], "texture": "#0"},
				"up": {"uv": [6.25, 5.75, 3.25, 5.5], "texture": "#0"},
				"down": {"uv": [6.25, 5.75, 3.25, 6], "texture": "#0"}
			}
		},
		{
			"from": [14.5, 9.5, 10.5],
			"to": [1.5, 18.5, 12.5],
			"rotation": {"angle": 22.5, "axis": "x", "origin": [8, 7, 11]},
			"faces": {
				"north": {"uv": [3.25, 3.25, 0, 5.5], "texture": "#0"},
				"east": {"uv": [7.25, 3, 7.75, 5.25], "texture": "#0"},
				"south": {"uv": [0, 3.25, 3.25, 5.5], "texture": "#0"},
				"west": {"uv": [7.75, 3, 8.25, 5.25], "texture": "#0"},
				"up": {"uv": [9.5, 1, 6.25, 0.5], "texture": "#0"},
				"down": {"uv": [9.5, 1, 6.25, 1.5], "texture": "#0"}
			}
		},
		{
			"from": [2, 6, 2],
			"to": [14, 7, 14],
			"rotation": {"angle": 0, "axis": "y", "origin": [2, 6, 2]},
			"faces": {
				"north": {"uv": [3.25, 6, 6.25, 6.25], "texture": "#0"},
				"east": {"uv": [3.25, 6.25, 6.25, 6.5], "texture": "#0"},
				"south": {"uv": [3.25, 5, 6.25, 5.25], "texture": "#0"},
				"west": {"uv": [3.25, 5.25, 6.25, 5.5], "texture": "#0"},
				"up": {"uv": [6.25, 3, 3.25, 0], "texture": "#0"},
				"down": {"uv": [6.25, 0, 3.25, 3], "texture": "#0"}
			}
		},
		{
			"from": [14.5, 5.5, 1.5],
			"to": [1.5, 7.5, 14.5],
			"rotation": {"angle": 0, "axis": "y", "origin": [2, 6, 2]},
			"faces": {
				"north": {"uv": [0, 5.5, 3.25, 6], "texture": "#0"},
				"east": {"uv": [0, 6, 3.25, 6.5], "texture": "#0"},
				"south": {"uv": [0, 6.5, 3.25, 7], "texture": "#0"},
				"west": {"uv": [6.25, 0, 9.5, 0.5], "texture": "#0"},
				"up": {"uv": [3.25, 3.25, 0, 0], "texture": "#0"},
				"down": {"uv": [3.25, 0, 0, 3.25], "texture": "#0"}
			}
		}
	]
}