{
	"format_version": "1.21.6",
	"credit": "Made with Blockbench",
	"parent": "minecraft:block/block",
	"textures": {
		"3": "ugoblock:block/colors"
	},
	"elements": [
		{
			"from": [7, 13.5, -0.01],
			"to": [9, 15.5, -0.01],
			"shade": false,
			"light_emission": 15,
			"rotation": {"angle": 0, "axis": "y", "origin": [8, 8, 8]},
			"faces": {
				"north": {"uv": [5, 13, 7, 15], "texture": "#3"}
			}
		},
		{
			"from": [16.01, 13.5, 7],
			"to": [16.01, 15.5, 9],
			"shade": false,
			"light_emission": 15,
			"rotation": {"angle": 0, "axis": "y", "origin": [8, 8, 8]},
			"faces": {
				"east": {"uv": [5, 13, 7, 15], "texture": "#3"}
			}
		},
		{
			"from": [-0.01, 13.5, 7],
			"to": [-0.01, 15.5, 9],
			"shade": false,
			"light_emission": 15,
			"rotation": {"angle": 0, "axis": "y", "origin": [8, 8, 8]},
			"faces": {
				"west": {"uv": [5, 13, 7, 15], "texture": "#3"}
			}
		},
		{
			"from": [7, 13.5, 16.01],
			"to": [9, 15.5, 16.01],
			"shade": false,
			"light_emission": 15,
			"rotation": {"angle": 0, "axis": "y", "origin": [8, 8, 8]},
			"faces": {
				"south": {"uv": [5, 13, 7, 15], "texture": "#3"}
			}
		}
	],
	"groups": [
		{
			"name": "group",
			"origin": [8, 8, 8],
			"color": 0,
			"shade": false,
			"children": [0, 1, 2, 3]
		}
	]
}