{
	"format_version": "1.21.6",
	"credit": "Made with Blockbench",
	"parent": "minecraft:block/block",
	"textures": {
		"0": "ugoblock:block/ender_infused_smooth_crying_obsidian",
		"1": "ugoblock:block/ender_infused_smooth_crying_obsidian_outline",
		"2": "ugoblock:block/redstone",
		"particle": "ugoblock:block/ender_infused_smooth_crying_obsidian"
	},
	"elements": [
		{
			"from": [0.25, 0.25, 0.25],
			"to": [3, 15.75, 3],
			"faces": {
				"north": {"uv": [13, 0, 16, 16], "texture": "#0"},
				"east": {"uv": [13, 0, 16, 16], "texture": "#0"},
				"south": {"uv": [0, 0, 3, 16], "texture": "#0"},
				"west": {"uv": [0, 0, 3, 16], "texture": "#0"},
				"up": {"uv": [0, 0, 3, 3], "texture": "#0"},
				"down": {"uv": [0, 0, 3, 3], "texture": "#0"}
			}
		},
		{
			"from": [0.25, 0.25, 3],
			"to": [3, 3, 13],
			"faces": {
				"east": {"uv": [3, 13, 13, 16], "texture": "#0"},
				"west": {"uv": [3, 13, 13, 16], "texture": "#0"},
				"up": {"uv": [0, 3, 3, 13], "texture": "#0"},
				"down": {"uv": [0, 3, 3, 13], "texture": "#0"}
			}
		},
		{
			"from": [13, 0.25, 3],
			"to": [15.75, 3, 13],
			"rotation": {"angle": 0, "axis": "y", "origin": [13, 0, 0]},
			"faces": {
				"east": {"uv": [3, 13, 13, 16], "texture": "#0"},
				"west": {"uv": [3, 13, 13, 16], "texture": "#0"},
				"up": {"uv": [13, 3, 16, 13], "texture": "#0"},
				"down": {"uv": [13, 3, 16, 13], "texture": "#0"}
			}
		},
		{
			"from": [12.69239, 7.3, 3],
			"to": [17.69239, 8.7, 13],
			"rotation": {"angle": -45, "axis": "z", "origin": [8, 8, 8]},
			"faces": {
				"up": {"uv": [3, 10, 13, 15], "rotation": 90, "texture": "#0"},
				"down": {"uv": [1, 3, 6, 13], "texture": "#0"}
			}
		},
		{
			"from": [12.69239, 3, 7.3],
			"to": [17.69239, 13, 8.7],
			"rotation": {"angle": -45, "axis": "y", "origin": [8, 8, 8]},
			"faces": {
				"north": {"uv": [6, 13, 1, 3], "rotation": 180, "texture": "#0"},
				"south": {"uv": [15, 13, 10, 3], "rotation": 180, "texture": "#0"}
			}
		},
		{
			"from": [12.69239, 7.3, 3],
			"to": [17.69239, 8.7, 13],
			"rotation": {"angle": 45, "axis": "z", "origin": [8, 8, 8]},
			"faces": {
				"up": {"uv": [10, 3, 15, 13], "texture": "#0"},
				"down": {"uv": [3, 1, 13, 6], "rotation": 90, "texture": "#0"}
			}
		},
		{
			"from": [3, 7.3, 12.69239],
			"to": [13, 8.7, 17.69239],
			"rotation": {"angle": 45, "axis": "x", "origin": [8, 8, 8]},
			"faces": {
				"up": {"uv": [3, 10, 13, 15], "rotation": 180, "texture": "#0"},
				"down": {"uv": [1, 3, 6, 13], "rotation": 270, "texture": "#0"}
			}
		},
		{
			"from": [7.3, 3, 12.69239],
			"to": [8.7, 13, 17.69239],
			"rotation": {"angle": -45, "axis": "y", "origin": [8, 8, 8]},
			"faces": {
				"east": {"uv": [6, 13, 1, 3], "rotation": 180, "texture": "#0"},
				"west": {"uv": [15, 13, 10, 3], "rotation": 180, "texture": "#0"}
			}
		},
		{
			"from": [3, 7.3, 12.69239],
			"to": [13, 8.7, 17.69239],
			"rotation": {"angle": -45, "axis": "x", "origin": [8, 8, 8]},
			"faces": {
				"up": {"uv": [10, 3, 15, 13], "rotation": 90, "texture": "#0"},
				"down": {"uv": [3, 1, 13, 6], "texture": "#0"}
			}
		},
		{
			"from": [-1.69239, 7.3, 3],
			"to": [3.30761, 8.7, 13],
			"rotation": {"angle": 45, "axis": "z", "origin": [8, 8, 8]},
			"faces": {
				"up": {"uv": [3, 10, 13, 15], "rotation": 270, "texture": "#0"},
				"down": {"uv": [1, 3, 6, 13], "rotation": 180, "texture": "#0"}
			}
		},
		{
			"from": [-1.69239, 3, 7.3],
			"to": [3.30761, 13, 8.7],
			"rotation": {"angle": -45, "axis": "y", "origin": [8, 8, 8]},
			"faces": {
				"north": {"uv": [15, 13, 10, 3], "rotation": 180, "texture": "#0"},
				"south": {"uv": [6, 13, 1, 3], "rotation": 180, "texture": "#0"}
			}
		},
		{
			"from": [-1.69239, 7.3, 3],
			"to": [3.30761, 8.7, 13],
			"rotation": {"angle": -45, "axis": "z", "origin": [8, 8, 8]},
			"faces": {
				"up": {"uv": [10, 3, 15, 13], "rotation": 180, "texture": "#0"},
				"down": {"uv": [3, 1, 13, 6], "rotation": 270, "texture": "#0"}
			}
		},
		{
			"from": [3, 7.3, -1.69239],
			"to": [13, 8.7, 3.30761],
			"rotation": {"angle": -45, "axis": "x", "origin": [8, 8, 8]},
			"faces": {
				"up": {"uv": [3, 10, 13, 15], "texture": "#0"},
				"down": {"uv": [1, 3, 6, 13], "rotation": 90, "texture": "#0"}
			}
		},
		{
			"from": [7.3, 3, -1.69239],
			"to": [8.7, 13, 3.30761],
			"rotation": {"angle": -45, "axis": "y", "origin": [8, 8, 8]},
			"faces": {
				"east": {"uv": [15, 13, 10, 3], "rotation": 180, "texture": "#0"},
				"west": {"uv": [6, 13, 1, 3], "rotation": 180, "texture": "#0"}
			}
		},
		{
			"from": [3, 7.3, -1.69239],
			"to": [13, 8.7, 3.30761],
			"rotation": {"angle": 45, "axis": "x", "origin": [8, 8, 8]},
			"faces": {
				"up": {"uv": [10, 3, 15, 13], "rotation": 270, "texture": "#0"},
				"down": {"uv": [3, 1, 13, 6], "rotation": 180, "texture": "#0"}
			}
		},
		{
			"from": [13, 13, 3],
			"to": [15.75, 15.75, 13],
			"rotation": {"angle": 0, "axis": "y", "origin": [13, 13, 0]},
			"faces": {
				"east": {"uv": [3, 0, 13, 3], "texture": "#0"},
				"west": {"uv": [3, 0, 13, 3], "texture": "#0"},
				"up": {"uv": [13, 3, 16, 13], "texture": "#0"},
				"down": {"uv": [13, 3, 16, 13], "texture": "#0"}
			}
		},
		{
			"from": [0.25, 13, 3],
			"to": [3, 15.75, 13],
			"rotation": {"angle": 0, "axis": "y", "origin": [0, 13, 0]},
			"faces": {
				"east": {"uv": [3, 0, 13, 3], "texture": "#0"},
				"west": {"uv": [3, 0, 13, 3], "texture": "#0"},
				"up": {"uv": [0, 3, 3, 13], "texture": "#0"},
				"down": {"uv": [0, 3, 3, 13], "texture": "#0"}
			}
		},
		{
			"from": [4, 10, 6],
			"to": [6, 12, 10],
			"rotation": {"angle": 0, "axis": "y", "origin": [4, 9, 0]},
			"faces": {
				"east": {"uv": [6, 4, 10, 6], "texture": "#0"},
				"west": {"uv": [6, 4, 10, 6], "texture": "#0"},
				"up": {"uv": [4, 6, 6, 10], "texture": "#0"},
				"down": {"uv": [4, 6, 6, 10], "texture": "#0"}
			}
		},
		{
			"from": [4, 4, 6],
			"to": [6, 6, 10],
			"rotation": {"angle": 0, "axis": "y", "origin": [4, 3, 0]},
			"faces": {
				"east": {"uv": [6, 10, 10, 12], "texture": "#0"},
				"west": {"uv": [6, 10, 10, 12], "texture": "#0"},
				"up": {"uv": [4, 6, 6, 10], "texture": "#0"},
				"down": {"uv": [4, 6, 6, 10], "texture": "#0"}
			}
		},
		{
			"from": [10, 4, 6],
			"to": [12, 6, 10],
			"rotation": {"angle": 0, "axis": "y", "origin": [10, 3, 0]},
			"faces": {
				"east": {"uv": [6, 10, 10, 12], "texture": "#0"},
				"west": {"uv": [6, 10, 10, 12], "texture": "#0"},
				"up": {"uv": [10, 6, 12, 10], "texture": "#0"},
				"down": {"uv": [10, 6, 12, 10], "texture": "#0"}
			}
		},
		{
			"from": [10, 10, 6],
			"to": [12, 12, 10],
			"rotation": {"angle": 0, "axis": "y", "origin": [10, 9, 0]},
			"faces": {
				"east": {"uv": [6, 4, 10, 6], "texture": "#0"},
				"west": {"uv": [6, 4, 10, 6], "texture": "#0"},
				"up": {"uv": [10, 6, 12, 10], "texture": "#0"},
				"down": {"uv": [10, 6, 12, 10], "texture": "#0"}
			}
		},
		{
			"from": [0.25, 0.25, 13],
			"to": [3, 15.75, 15.75],
			"rotation": {"angle": 0, "axis": "y", "origin": [0, 0, 13]},
			"faces": {
				"north": {"uv": [13, 0, 16, 16], "texture": "#0"},
				"east": {"uv": [0, 0, 3, 16], "texture": "#0"},
				"south": {"uv": [0, 0, 3, 16], "texture": "#0"},
				"west": {"uv": [13, 0, 16, 16], "texture": "#0"},
				"up": {"uv": [0, 13, 3, 16], "texture": "#0"},
				"down": {"uv": [0, 13, 3, 16], "texture": "#0"}
			}
		},
		{
			"from": [13, 0.25, 0.25],
			"to": [15.75, 15.75, 3],
			"rotation": {"angle": 0, "axis": "y", "origin": [13, 0, 0]},
			"faces": {
				"north": {"uv": [0, 0, 3, 16], "texture": "#0"},
				"east": {"uv": [13, 0, 16, 16], "texture": "#0"},
				"south": {"uv": [13, 0, 16, 16], "texture": "#0"},
				"west": {"uv": [0, 0, 3, 16], "texture": "#0"},
				"up": {"uv": [13, 0, 16, 3], "texture": "#0"},
				"down": {"uv": [13, 0, 16, 3], "texture": "#0"}
			}
		},
		{
			"from": [3, 0.25, 0.25],
			"to": [13, 3, 3],
			"rotation": {"angle": 0, "axis": "y", "origin": [13, 0, 0]},
			"faces": {
				"north": {"uv": [3, 13, 13, 16], "texture": "#0"},
				"south": {"uv": [3, 13, 13, 16], "texture": "#0"},
				"up": {"uv": [3, 0, 13, 3], "texture": "#0"},
				"down": {"uv": [3, 0, 13, 3], "texture": "#0"}
			}
		},
		{
			"from": [3, 0.25, 13],
			"to": [13, 3, 15.75],
			"rotation": {"angle": 0, "axis": "y", "origin": [13, 0, 13]},
			"faces": {
				"north": {"uv": [3, 13, 13, 16], "texture": "#0"},
				"south": {"uv": [3, 13, 13, 16], "texture": "#0"},
				"up": {"uv": [3, 13, 13, 16], "texture": "#0"},
				"down": {"uv": [3, 13, 13, 16], "texture": "#0"}
			}
		},
		{
			"from": [3, 13, 13],
			"to": [13, 15.75, 15.75],
			"rotation": {"angle": 0, "axis": "y", "origin": [13, 13, 13]},
			"faces": {
				"north": {"uv": [3, 0, 13, 3], "texture": "#0"},
				"south": {"uv": [3, 0, 13, 3], "texture": "#0"},
				"up": {"uv": [3, 13, 13, 16], "texture": "#0"},
				"down": {"uv": [3, 13, 13, 16], "texture": "#0"}
			}
		},
		{
			"from": [6, 10, 10],
			"to": [10, 12, 12],
			"rotation": {"angle": 0, "axis": "y", "origin": [13, 9, 10]},
			"faces": {
				"north": {"uv": [6, 4, 10, 6], "texture": "#0"},
				"south": {"uv": [6, 4, 10, 6], "texture": "#0"},
				"up": {"uv": [6, 10, 10, 12], "texture": "#0"},
				"down": {"uv": [6, 10, 10, 12], "texture": "#0"}
			}
		},
		{
			"from": [6, 4, 10],
			"to": [10, 6, 12],
			"rotation": {"angle": 0, "axis": "y", "origin": [13, 3, 10]},
			"faces": {
				"north": {"uv": [6, 10, 10, 12], "texture": "#0"},
				"south": {"uv": [6, 10, 10, 12], "texture": "#0"},
				"up": {"uv": [6, 10, 10, 12], "texture": "#0"},
				"down": {"uv": [6, 10, 10, 12], "texture": "#0"}
			}
		},
		{
			"from": [6, 4, 4],
			"to": [10, 6, 6],
			"rotation": {"angle": 0, "axis": "y", "origin": [13, 3, 4]},
			"faces": {
				"north": {"uv": [6, 4, 10, 6], "texture": "#0"},
				"south": {"uv": [6, 10, 10, 12], "texture": "#0"},
				"up": {"uv": [6, 10, 10, 12], "texture": "#0"},
				"down": {"uv": [6, 10, 10, 12], "texture": "#0"}
			}
		},
		{
			"from": [6, 10, 4],
			"to": [10, 12, 6],
			"rotation": {"angle": 0, "axis": "y", "origin": [13, 9, 4]},
			"faces": {
				"north": {"uv": [6, 4, 10, 6], "texture": "#0"},
				"south": {"uv": [6, 4, 10, 6], "texture": "#0"},
				"up": {"uv": [6, 4, 10, 6], "texture": "#0"},
				"down": {"uv": [6, 4, 10, 6], "texture": "#0"}
			}
		},
		{
			"from": [3, 13, 0.25],
			"to": [13, 15.75, 3],
			"rotation": {"angle": 0, "axis": "y", "origin": [13, 13, 0]},
			"faces": {
				"north": {"uv": [3, 0, 13, 3], "texture": "#0"},
				"south": {"uv": [3, 0, 13, 3], "texture": "#0"},
				"up": {"uv": [3, 0, 13, 3], "texture": "#0"},
				"down": {"uv": [3, 0, 13, 3], "texture": "#0"}
			}
		},
		{
			"from": [13, 0.25, 13],
			"to": [15.75, 15.75, 15.75],
			"rotation": {"angle": 0, "axis": "y", "origin": [13, 0, 13]},
			"faces": {
				"north": {"uv": [0, 0, 3, 16], "texture": "#0"},
				"east": {"uv": [0, 0, 3, 16], "texture": "#0"},
				"south": {"uv": [13, 0, 16, 16], "texture": "#0"},
				"west": {"uv": [13, 0, 16, 16], "texture": "#0"},
				"up": {"uv": [13, 13, 16, 16], "texture": "#0"},
				"down": {"uv": [13, 13, 16, 16], "texture": "#0"}
			}
		},
		{
			"from": [10, 4, 10],
			"to": [12, 12, 12],
			"rotation": {"angle": 0, "axis": "y", "origin": [10, 0, 10]},
			"faces": {
				"north": {"uv": [4, 4, 6, 12], "texture": "#0"},
				"east": {"uv": [4, 4, 6, 12], "texture": "#0"},
				"south": {"uv": [10, 4, 12, 12], "texture": "#0"},
				"west": {"uv": [10, 4, 12, 12], "texture": "#0"},
				"up": {"uv": [4, 4, 6, 6], "texture": "#0"},
				"down": {"uv": [4, 4, 6, 6], "texture": "#0"}
			}
		},
		{
			"from": [10, 4, 4],
			"to": [12, 12, 6],
			"rotation": {"angle": 0, "axis": "y", "origin": [10, 0, 4]},
			"faces": {
				"north": {"uv": [4, 4, 6, 12], "texture": "#0"},
				"east": {"uv": [10, 4, 12, 12], "texture": "#0"},
				"south": {"uv": [10, 4, 12, 12], "texture": "#0"},
				"west": {"uv": [4, 4, 6, 12], "texture": "#0"},
				"up": {"uv": [4, 4, 6, 6], "texture": "#0"},
				"down": {"uv": [4, 4, 6, 6], "texture": "#0"}
			}
		},
		{
			"from": [4, 4, 4],
			"to": [6, 12, 6],
			"rotation": {"angle": 0, "axis": "y", "origin": [4, 0, 4]},
			"faces": {
				"north": {"uv": [10, 4, 12, 12], "texture": "#0"},
				"east": {"uv": [10, 4, 12, 12], "texture": "#0"},
				"south": {"uv": [4, 4, 6, 12], "texture": "#0"},
				"west": {"uv": [4, 4, 6, 12], "texture": "#0"},
				"up": {"uv": [4, 4, 6, 6], "texture": "#0"},
				"down": {"uv": [4, 4, 6, 6], "texture": "#0"}
			}
		},
		{
			"from": [4, 4, 10],
			"to": [6, 12, 12],
			"rotation": {"angle": 0, "axis": "y", "origin": [4, 0, 10]},
			"faces": {
				"north": {"uv": [10, 4, 12, 12], "texture": "#0"},
				"east": {"uv": [4, 4, 6, 12], "texture": "#0"},
				"south": {"uv": [4, 4, 6, 12], "texture": "#0"},
				"west": {"uv": [10, 4, 12, 12], "texture": "#0"},
				"up": {"uv": [4, 4, 6, 6], "texture": "#0"},
				"down": {"uv": [4, 4, 6, 6], "texture": "#0"}
			}
		},
		{
			"from": [15.99, 0.01, 0.01],
			"to": [0.01, 15.99, 15.99],
			"faces": {
				"north": {"uv": [0, 16, 16, 0], "texture": "#1"},
				"east": {"uv": [16, 16, 0, 0], "texture": "#1"},
				"south": {"uv": [0, 0, 16, 16], "texture": "#1"},
				"west": {"uv": [16, 0, 0, 16], "texture": "#1"},
				"up": {"uv": [0, 16, 16, 0], "texture": "#1"},
				"down": {"uv": [16, 16, 0, 0], "texture": "#1"}
			}
		},
		{
			"from": [6.5, 6.5, 6.5],
			"to": [9.5, 9.5, 9.5],
			"rotation": {"angle": 0, "axis": "y", "origin": [8, 8, 8]},
			"faces": {
				"north": {"uv": [0, 0, 3, 3], "texture": "#2"},
				"east": {"uv": [0, 0, 3, 3], "texture": "#2"},
				"south": {"uv": [0, 0, 3, 3], "texture": "#2"},
				"west": {"uv": [0, 0, 3, 3], "texture": "#2"},
				"up": {"uv": [0, 0, 3, 3], "texture": "#2"},
				"down": {"uv": [0, 0, 3, 3], "texture": "#2"}
			}
		}
	],
	"groups": [
		0,
		1,
		2,
		{
			"name": "group",
			"origin": [14.5, 14.5, 8],
			"color": 0,
			"children": [3, 4, 5]
		},
		{
			"name": "group",
			"origin": [14.5, 14.5, 8],
			"color": 0,
			"children": [6, 7, 8]
		},
		{
			"name": "group",
			"origin": [14.5, 14.5, 8],
			"color": 0,
			"children": [9, 10, 11]
		},
		{
			"name": "group",
			"origin": [14.5, 14.5, 8],
			"color": 0,
			"children": [12, 13, 14]
		},
		15,
		16,
		17,
		18,
		19,
		20,
		21,
		22,
		23,
		24,
		25,
		26,
		27,
		28,
		29,
		30,
		31,
		32,
		33,
		34,
		35,
		36,
		37
	]
}