{
	"format_version": "1.9.0",
	"credit": "Made with Blockbench",
	"texture_size": [32, 32],
	"textures": {
		"0": "ugoblock:item/block_imitation_wand_model",
		"particle": "ugoblock:item/block_imitation_wand_model"
	},
	"elements": [
		{
			"from": [7, 0, 6.58],
			"to": [9, 2, 9.42],
			"rotation": {"angle": 45, "axis": "z", "origin": [8, 1, 8]},
			"faces": {
				"north": {"uv": [2.5, 2.5, 3.5, 3.5], "texture": "#0"},
				"east": {"uv": [2.5, 2.5, 4, 3.5], "texture": "#0"},
				"south": {"uv": [2.5, 2.5, 3.5, 3.5], "rotation": 270, "texture": "#0"},
				"west": {"uv": [2.5, 2.5, 4, 3.5], "texture": "#0"},
				"up": {"uv": [5, 4, 4, 2.5], "texture": "#0"},
				"down": {"uv": [5, 4, 4, 5.5], "texture": "#0"}
			}
		},
		{
			"from": [7, -0.42, 7],
			"to": [9, 2.42, 9],
			"rotation": {"angle": -45, "axis": "y", "origin": [8, 1, 8]},
			"faces": {
				"north": {"uv": [2.5, 2.5, 4, 3.5], "texture": "#0"},
				"east": {"uv": [2.5, 2.5, 4, 3.5], "texture": "#0"},
				"south": {"uv": [4, 5.5, 5, 4], "rotation": 90, "texture": "#0"},
				"west": {"uv": [4, 5.5, 5, 4], "rotation": 90, "texture": "#0"},
				"up": {"uv": [2.5, 2.5, 3.5, 3.5], "rotation": 270, "texture": "#0"},
				"down": {"uv": [2.5, 2.5, 3.5, 3.5], "rotation": 270, "texture": "#0"}
			}
		},
		{
			"from": [9.25, -0.67, 6.75],
			"to": [6.75, 2.67, 9.25],
			"rotation": {"angle": -45, "axis": "y", "origin": [8, 1, 8]},
			"faces": {
				"north": {"uv": [2.5, 6.5, 3, 7], "rotation": 90, "texture": "#0"},
				"east": {"uv": [2.5, 6.5, 3, 7], "rotation": 90, "texture": "#0"},
				"south": {"uv": [2.5, 6.5, 3, 7], "rotation": 90, "texture": "#0"},
				"west": {"uv": [2.5, 6.5, 3, 7], "rotation": 90, "texture": "#0"},
				"up": {"uv": [2.5, 6.5, 3, 7], "rotation": 90, "texture": "#0"},
				"down": {"uv": [2.5, 6.5, 3, 7], "rotation": 90, "texture": "#0"}
			}
		},
		{
			"from": [9.25, -0.25, 6.33],
			"to": [6.75, 2.25, 9.67],
			"rotation": {"angle": -45, "axis": "z", "origin": [8, 1, 8]},
			"faces": {
				"north": {"uv": [2.5, 6.5, 3, 7], "rotation": 270, "texture": "#0"},
				"east": {"uv": [2.5, 6.5, 3, 7], "texture": "#0"},
				"south": {"uv": [2.5, 6.5, 3, 7], "rotation": 90, "texture": "#0"},
				"west": {"uv": [2.5, 6.5, 3, 7], "rotation": 180, "texture": "#0"},
				"up": {"uv": [2.5, 6.5, 3, 7], "rotation": 270, "texture": "#0"},
				"down": {"uv": [2.5, 6.5, 3, 7], "rotation": 90, "texture": "#0"}
			}
		},
		{
			"from": [6.33, -0.25, 9.25],
			"to": [9.67, 2.25, 6.75],
			"rotation": {"angle": 45, "axis": "x", "origin": [8, 1, 8]},
			"faces": {
				"north": {"uv": [2.5, 6.5, 3, 7], "rotation": 180, "texture": "#0"},
				"east": {"uv": [2.5, 6.5, 3, 7], "rotation": 270, "texture": "#0"},
				"south": {"uv": [2.5, 6.5, 3, 7], "texture": "#0"},
				"west": {"uv": [2.5, 6.5, 3, 7], "rotation": 90, "texture": "#0"},
				"up": {"uv": [2.5, 6.5, 3, 7], "texture": "#0"},
				"down": {"uv": [2.5, 6.5, 3, 7], "texture": "#0"}
			}
		},
		{
			"from": [6.58, 0, 7],
			"to": [9.42, 2, 9],
			"rotation": {"angle": -45, "axis": "x", "origin": [8, 1, 8]},
			"faces": {
				"north": {"uv": [2.5, 2.5, 4, 3.5], "texture": "#0"},
				"east": {"uv": [2.5, 2.5, 3.5, 3.5], "rotation": 270, "texture": "#0"},
				"south": {"uv": [5, 4, 4, 2.5], "texture": "#0"},
				"west": {"uv": [2.5, 2.5, 3.5, 3.5], "rotation": 180, "texture": "#0"},
				"up": {"uv": [5, 4, 4, 2.5], "texture": "#0"},
				"down": {"uv": [2.5, 2.5, 4, 3.5], "texture": "#0"}
			}
		},
		{
			"from": [7.5, 2, 7.5],
			"to": [8.5, 16, 8.5],
			"rotation": {"angle": -45, "axis": "y", "origin": [8, 2.5, 8]},
			"faces": {
				"north": {"uv": [0, 5, 0.5, 12], "texture": "#0"},
				"east": {"uv": [0, 5, 0.5, 12], "texture": "#0"},
				"south": {"uv": [0, 5, 0.5, 12], "texture": "#0"},
				"west": {"uv": [0, 5, 0.5, 12], "texture": "#0"}
			}
		},
		{
			"from": [8.75, 2, 7.25],
			"to": [7.25, 16, 8.75],
			"rotation": {"angle": -45, "axis": "y", "origin": [8, 2.5, 8]},
			"faces": {
				"north": {"uv": [0.5, 1.5, 1, 2], "rotation": 90, "texture": "#0"},
				"east": {"uv": [0.5, 1.5, 1, 2], "rotation": 90, "texture": "#0"},
				"south": {"uv": [0.5, 1.5, 1, 2], "rotation": 90, "texture": "#0"},
				"west": {"uv": [0.5, 1.5, 1, 2], "rotation": 90, "texture": "#0"}
			}
		},
		{
			"from": [6.5, 16, 6.5],
			"to": [9.5, 18, 9.5],
			"rotation": {"angle": 0, "axis": "y", "origin": [8, 16.5, 8]},
			"faces": {
				"north": {"uv": [2.5, 5, 4, 6], "texture": "#0"},
				"east": {"uv": [4, 5, 2.5, 6], "texture": "#0"},
				"south": {"uv": [2.5, 5, 4, 6], "texture": "#0"},
				"west": {"uv": [4, 5, 2.5, 6], "texture": "#0"},
				"up": {"uv": [2.5, 3.5, 4, 5], "rotation": 90, "texture": "#0"},
				"down": {"uv": [2.5, 3.5, 4, 5], "rotation": 180, "texture": "#0"}
			}
		},
		{
			"from": [6.25, 18.25, 6.25],
			"to": [9.75, 15.75, 9.75],
			"rotation": {"angle": 0, "axis": "y", "origin": [8, 16.5, 8]},
			"faces": {
				"north": {"uv": [2.5, 6.5, 3, 7], "rotation": 90, "texture": "#0"},
				"east": {"uv": [2.5, 6.5, 3, 7], "rotation": 90, "texture": "#0"},
				"south": {"uv": [2.5, 6.5, 3, 7], "rotation": 90, "texture": "#0"},
				"west": {"uv": [2.5, 6.5, 3, 7], "rotation": 90, "texture": "#0"},
				"up": {"uv": [2.5, 6.5, 3, 7], "rotation": 90, "texture": "#0"},
				"down": {"uv": [2.5, 6.5, 3, 7], "rotation": 90, "texture": "#0"}
			}
		},
		{
			"from": [5.5, 23, 5.5],
			"to": [10.5, 28, 10.5],
			"rotation": {"angle": 0, "axis": "y", "origin": [8, 24.5, 8]},
			"faces": {
				"north": {"uv": [0, 0, 2.5, 2.5], "texture": "#0"},
				"east": {"uv": [2.5, 0, 5, 2.5], "texture": "#0"},
				"south": {"uv": [2.5, 0, 5, 2.5], "texture": "#0"},
				"west": {"uv": [2.5, 0, 5, 2.5], "texture": "#0"},
				"up": {"uv": [2.5, 5, 0, 2.5], "texture": "#0"},
				"down": {"uv": [2.5, 5, 0, 2.5], "texture": "#0"}
			}
		},
		{
			"from": [5.25, 28.25, 5.25],
			"to": [10.75, 22.75, 10.75],
			"rotation": {"angle": 0, "axis": "y", "origin": [8, 24.5, 8]},
			"faces": {
				"north": {"uv": [2.5, 10, 3, 10.5], "texture": "#0"},
				"east": {"uv": [2.5, 10, 3, 10.5], "texture": "#0"},
				"south": {"uv": [2.5, 10, 3, 10.5], "texture": "#0"},
				"west": {"uv": [2.5, 10, 3, 10.5], "texture": "#0"},
				"up": {"uv": [2.5, 10, 3, 10.5], "texture": "#0"},
				"down": {"uv": [2.5, 10, 3, 10.5], "texture": "#0"}
			}
		},
		{
			"from": [4.79289, 20.82843, 4.79289],
			"to": [10.21289, 21.82843, 5.79289],
			"rotation": {"angle": -45, "axis": "y", "origin": [8, 8, 8]},
			"faces": {
				"north": {"uv": [0.5, 5.5, 1, 8.21], "rotation": 90, "texture": "#0"},
				"east": {"uv": [0, 0, 0.5, 0.5], "rotation": 270, "texture": "#missing"},
				"south": {"uv": [1, 7.71, 1.5, 5], "rotation": 90, "texture": "#0"},
				"west": {"uv": [0.5, 7, 1, 7.5], "rotation": 90, "texture": "#0"},
				"up": {"uv": [1, 7.5, 1.5, 5], "rotation": 90, "texture": "#0"},
				"down": {"uv": [1, 5.5, 1.5, 8.21], "rotation": 90, "texture": "#0"}
			}
		},
		{
			"from": [7.5, 13.86396, -4.27817],
			"to": [8.5, 14.86396, 0.72183],
			"rotation": {"angle": 45, "axis": "x", "origin": [8, 8, 8]},
			"faces": {
				"north": {"uv": [1, 8.5, 1.5, 8], "rotation": 90, "texture": "#0"},
				"east": {"uv": [1.5, 8.5, 1, 6], "rotation": 90, "texture": "#0"},
				"south": {"uv": [0, 0, 0.5, 0.5], "texture": "#missing"},
				"west": {"uv": [1.5, 8.5, 1, 6], "rotation": 90, "texture": "#0"},
				"up": {"uv": [0.5, 5.5, 1, 8], "texture": "#0"},
				"down": {"uv": [1, 9, 1.5, 11.5], "texture": "#0"}
			}
		},
		{
			"from": [10.20711, 20.82843, 4.79289],
			"to": [11.20711, 21.82843, 10.21289],
			"rotation": {"angle": -45, "axis": "y", "origin": [8, 8, 8]},
			"faces": {
				"north": {"uv": [0.5, 7, 1, 7.5], "rotation": 90, "texture": "#0"},
				"east": {"uv": [1, 5.5, 1.5, 8.21], "rotation": 90, "texture": "#0"},
				"south": {"uv": [0, 0, 0.5, 0.5], "rotation": 270, "texture": "#missing"},
				"west": {"uv": [1, 5.5, 1.5, 8.21], "rotation": 90, "texture": "#0"},
				"up": {"uv": [0.5, 5.5, 1, 8.21], "texture": "#0"},
				"down": {"uv": [1, 5.5, 1.5, 8.21], "texture": "#0"}
			}
		},
		{
			"from": [4.54289, 20.57843, 6.04289],
			"to": [10.21289, 22.07843, 4.54289],
			"rotation": {"angle": -45, "axis": "y", "origin": [8, 8, 8]},
			"faces": {
				"north": {"uv": [2.375, 8.54, 3, 6.5], "rotation": 90, "texture": "#0"},
				"south": {"uv": [2.5, 6.5, 3, 7], "texture": "#0"},
				"west": {"uv": [2.5, 6.5, 3, 7], "texture": "#0"},
				"up": {"uv": [2.5, 6.5, 3, 7], "rotation": 270, "texture": "#0"},
				"down": {"uv": [2.5, 6.5, 3, 7], "rotation": 90, "texture": "#0"}
			}
		},
		{
			"from": [11.45711, 20.57843, 4.54289],
			"to": [9.95711, 22.07843, 10.21289],
			"rotation": {"angle": -45, "axis": "y", "origin": [8, 8, 8]},
			"faces": {
				"north": {"uv": [2.5, 6.5, 3, 7], "texture": "#0"},
				"east": {"uv": [2.375, 8.54, 3, 6.5], "rotation": 90, "texture": "#0"},
				"west": {"uv": [2.5, 6.5, 3, 7], "texture": "#0"},
				"up": {"uv": [2.5, 6.5, 3, 7], "texture": "#0"},
				"down": {"uv": [2.5, 6.5, 3, 7], "texture": "#0"}
			}
		},
		{
			"from": [6.04289, 20.57843, 5.78711],
			"to": [4.54289, 22.07843, 11.45711],
			"rotation": {"angle": -45, "axis": "y", "origin": [8, 8, 8]},
			"faces": {
				"east": {"uv": [2.5, 6.5, 3, 7], "texture": "#0"},
				"south": {"uv": [2.5, 6.5, 3, 7], "texture": "#0"},
				"west": {"uv": [2.375, 8.54, 3, 6.5], "rotation": 90, "texture": "#0"},
				"up": {"uv": [2.5, 6.5, 3, 7], "rotation": 180, "texture": "#0"},
				"down": {"uv": [2.5, 6.5, 3, 7], "rotation": 180, "texture": "#0"}
			}
		},
		{
			"from": [5.78711, 20.57843, 11.45711],
			"to": [11.45711, 22.07843, 9.95711],
			"rotation": {"angle": -45, "axis": "y", "origin": [8, 8, 8]},
			"faces": {
				"north": {"uv": [2.5, 6.5, 3, 7], "texture": "#0"},
				"east": {"uv": [2.5, 6.5, 3, 7], "texture": "#0"},
				"south": {"uv": [2.375, 8.54, 3, 6.5], "rotation": 90, "texture": "#0"},
				"up": {"uv": [2.5, 6.5, 3, 7], "rotation": 90, "texture": "#0"},
				"down": {"uv": [2.5, 6.5, 3, 7], "rotation": 270, "texture": "#0"}
			}
		},
		{
			"from": [15.27817, 13.86396, 7.5],
			"to": [20.27817, 14.86396, 8.5],
			"rotation": {"angle": 45, "axis": "z", "origin": [8, 8, 8]},
			"faces": {
				"north": {"uv": [0.5, 5.5, 1, 8], "rotation": 90, "texture": "#0"},
				"east": {"uv": [1, 8.5, 1.5, 8], "rotation": 90, "texture": "#0"},
				"south": {"uv": [0.5, 5.5, 1, 8], "rotation": 90, "texture": "#0"},
				"west": {"uv": [0, 0, 0.5, 0.5], "texture": "#missing"},
				"up": {"uv": [1.5, 6, 1, 8.5], "rotation": 90, "texture": "#0"},
				"down": {"uv": [1, 11.5, 1.5, 9], "rotation": 90, "texture": "#0"}
			}
		},
		{
			"from": [15.02817, 15.11396, 7.25],
			"to": [20.52817, 13.61396, 8.75],
			"rotation": {"angle": 45, "axis": "z", "origin": [8, 8, 8]},
			"faces": {
				"north": {"uv": [2.5, 6.5, 3, 7], "texture": "#0"},
				"east": {"uv": [2.5, 6.5, 3, 7], "texture": "#0"},
				"south": {"uv": [2.5, 6.5, 3, 7], "texture": "#0"},
				"west": {"uv": [2.5, 6.5, 3, 7], "texture": "#0"},
				"up": {"uv": [2.5, 6.5, 3, 7], "texture": "#0"},
				"down": {"uv": [2.375, 7, 3, 6.5], "rotation": 180, "texture": "#0"}
			}
		},
		{
			"from": [7.25, 15.11396, 15.02817],
			"to": [8.75, 13.61396, 20.52817],
			"rotation": {"angle": -45, "axis": "x", "origin": [8, 8, 8]},
			"faces": {
				"north": {"uv": [2.5, 6.5, 3, 7], "texture": "#0"},
				"east": {"uv": [2.5, 6.5, 3, 7], "texture": "#0"},
				"south": {"uv": [2.5, 6.5, 3, 7], "texture": "#0"},
				"west": {"uv": [2.5, 6.5, 3, 7], "texture": "#0"},
				"up": {"uv": [2.5, 6.5, 3, 7], "rotation": 90, "texture": "#0"},
				"down": {"uv": [3, 7, 2.5, 6.375], "rotation": 180, "texture": "#0"}
			}
		},
		{
			"from": [7.25, 15.11396, -4.52817],
			"to": [8.75, 13.61396, 0.97183],
			"rotation": {"angle": 45, "axis": "x", "origin": [8, 8, 8]},
			"faces": {
				"north": {"uv": [2.5, 6.5, 3, 7], "texture": "#0"},
				"east": {"uv": [2.5, 6.5, 3, 7], "texture": "#0"},
				"south": {"uv": [2.5, 6.5, 3, 7], "texture": "#0"},
				"west": {"uv": [2.5, 6.5, 3, 7], "texture": "#0"},
				"up": {"uv": [2.5, 6.5, 3, 7], "rotation": 270, "texture": "#0"},
				"down": {"uv": [3, 6.375, 2.5, 7], "rotation": 180, "texture": "#0"}
			}
		},
		{
			"from": [-4.52817, 15.11396, 7.25],
			"to": [0.97183, 13.61396, 8.75],
			"rotation": {"angle": -45, "axis": "z", "origin": [8, 8, 8]},
			"faces": {
				"north": {"uv": [2.5, 6.5, 3, 7], "texture": "#0"},
				"east": {"uv": [2.5, 6.5, 3, 7], "texture": "#0"},
				"south": {"uv": [2.5, 6.5, 3, 7], "texture": "#0"},
				"west": {"uv": [2.5, 6.5, 3, 7], "texture": "#0"},
				"up": {"uv": [2.5, 6.5, 3, 7], "rotation": 180, "texture": "#0"},
				"down": {"uv": [3, 6.5, 2.375, 7], "rotation": 180, "texture": "#0"}
			}
		},
		{
			"from": [4.79289, 20.82843, 5.78711],
			"to": [5.79289, 21.82843, 11.20711],
			"rotation": {"angle": -45, "axis": "y", "origin": [8, 8, 8]},
			"faces": {
				"north": {"uv": [0, 0, 0.5, 0.5], "rotation": 270, "texture": "#missing"},
				"east": {"uv": [1, 5.5, 1.5, 8.21], "rotation": 90, "texture": "#0"},
				"south": {"uv": [1, 7, 1.5, 7.5], "rotation": 90, "texture": "#0"},
				"west": {"uv": [1, 5.5, 1.5, 8.21], "rotation": 90, "texture": "#0"},
				"up": {"uv": [1, 5.5, 1.5, 8.21], "texture": "#0"},
				"down": {"uv": [1.5, 5, 1, 7.71], "texture": "#0"}
			}
		},
		{
			"from": [-4.27817, 13.86396, 7.5],
			"to": [0.72183, 14.86396, 8.5],
			"rotation": {"angle": -45, "axis": "z", "origin": [8, 8, 8]},
			"faces": {
				"north": {"uv": [0.5, 5.5, 1, 8], "rotation": 90, "texture": "#0"},
				"east": {"uv": [0, 0, 0.5, 0.5], "texture": "#missing"},
				"south": {"uv": [1.5, 8.5, 1, 6], "rotation": 90, "texture": "#0"},
				"west": {"uv": [1, 8.5, 1.5, 8], "rotation": 90, "texture": "#0"},
				"up": {"uv": [0.5, 5.5, 1, 8.21], "rotation": 90, "texture": "#0"},
				"down": {"uv": [1, 9, 1.5, 11.5], "rotation": 90, "texture": "#0"}
			}
		},
		{
			"from": [5.78711, 20.82843, 10.20711],
			"to": [11.20711, 21.82843, 11.20711],
			"rotation": {"angle": -45, "axis": "y", "origin": [8, 8, 8]},
			"faces": {
				"north": {"uv": [1.5, 7.71, 1, 5], "rotation": 90, "texture": "#0"},
				"east": {"uv": [1, 5, 1.5, 5.5], "rotation": 90, "texture": "#0"},
				"south": {"uv": [1, 6.5, 1.5, 9.21], "rotation": 90, "texture": "#0"},
				"west": {"uv": [0, 0, 0.5, 0.5], "rotation": 270, "texture": "#missing"},
				"up": {"uv": [0.5, 8.21, 1, 6], "rotation": 90, "texture": "#0"},
				"down": {"uv": [1, 7.5, 1.5, 5], "rotation": 90, "texture": "#0"}
			}
		},
		{
			"from": [7.5, 13.86396, 15.27817],
			"to": [8.5, 14.86396, 20.27817],
			"rotation": {"angle": -45, "axis": "x", "origin": [8, 8, 8]},
			"faces": {
				"north": {"uv": [0, 0, 0.5, 0.5], "texture": "#missing"},
				"east": {"uv": [1.5, 8.5, 1, 6], "rotation": 90, "texture": "#0"},
				"south": {"uv": [1, 8.5, 1.5, 8], "rotation": 90, "texture": "#0"},
				"west": {"uv": [0.5, 5.5, 1, 8], "rotation": 90, "texture": "#0"},
				"up": {"uv": [1, 8.5, 1.5, 6], "texture": "#0"},
				"down": {"uv": [1, 11.5, 1.5, 9], "texture": "#0"}
			}
		},
		{
			"from": [3.5, 17.25, 7.5],
			"to": [12.5, 18.25, 8.5],
			"rotation": {"angle": 45, "axis": "y", "origin": [8, 16.5, 8]},
			"faces": {
				"north": {"uv": [1, 6.5, 1.5, 11], "rotation": 90, "texture": "#0"},
				"east": {"uv": [1, 6.5, 1.5, 7], "rotation": 90, "texture": "#0"},
				"south": {"uv": [1, 6.5, 1.5, 11], "rotation": 90, "texture": "#0"},
				"west": {"uv": [1, 6.5, 1.5, 7], "rotation": 90, "texture": "#0"},
				"up": {"uv": [0.5, 6, 1, 10.5], "rotation": 90, "texture": "#0"},
				"down": {"uv": [0.5, 6, 1, 10.5], "rotation": 90, "texture": "#0"}
			}
		},
		{
			"from": [3.25, 17, 8.75],
			"to": [12.75, 18.5, 7.25],
			"rotation": {"angle": 45, "axis": "y", "origin": [8, 16.5, 8]},
			"faces": {
				"north": {"uv": [2.375, 7.5, 3, 6.31], "rotation": 90, "texture": "#0"},
				"east": {"uv": [2.5, 6.5, 3, 7], "rotation": 90, "texture": "#0"},
				"south": {"uv": [2.375, 7.5, 3, 6.31], "rotation": 90, "texture": "#0"},
				"west": {"uv": [2.5, 6.5, 3, 7], "rotation": 90, "texture": "#0"},
				"up": {"uv": [2.5, 6.5, 3, 7], "rotation": 90, "texture": "#0"},
				"down": {"uv": [2.5, 6.5, 3, 7], "rotation": 90, "texture": "#0"}
			}
		},
		{
			"from": [3.5, 17, 3.5],
			"to": [4.5, 18, 7.5],
			"rotation": {"angle": 45, "axis": "y", "origin": [8, 16.5, 8]},
			"faces": {
				"north": {"uv": [0.5, 6.5, 1, 7], "rotation": 90, "texture": "#0"},
				"east": {"uv": [1, 9, 1.5, 11], "rotation": 90, "texture": "#0"},
				"south": {"uv": [1, 8.5, 1.5, 8], "rotation": 90, "texture": "#0"},
				"west": {"uv": [1, 6.5, 1.5, 8.5], "rotation": 90, "texture": "#0"},
				"up": {"uv": [0.5, 8, 1, 6], "texture": "#0"},
				"down": {"uv": [0.5, 8, 1, 6], "texture": "#0"}
			}
		},
		{
			"from": [4.75, 16.75, 3.25],
			"to": [3.25, 18.25, 7.75],
			"rotation": {"angle": 45, "axis": "y", "origin": [8, 16.5, 8]},
			"faces": {
				"north": {"uv": [2.5, 6.5, 3, 7], "rotation": 90, "texture": "#0"},
				"east": {"uv": [2.5, 6.5, 3, 7], "rotation": 90, "texture": "#0"},
				"west": {"uv": [2.5, 6.215, 3, 8.885], "rotation": 90, "texture": "#0"},
				"up": {"uv": [2.5, 6.5, 3, 7], "rotation": 90, "texture": "#0"},
				"down": {"uv": [2.5, 6.5, 3, 7], "rotation": 90, "texture": "#0"}
			}
		},
		{
			"from": [11.5, 17, 8.5],
			"to": [12.5, 18, 12.5],
			"rotation": {"angle": 45, "axis": "y", "origin": [8, 16.5, 8]},
			"faces": {
				"north": {"uv": [1, 8.5, 1.5, 8], "rotation": 90, "texture": "#0"},
				"east": {"uv": [1, 6.5, 1.5, 8.5], "rotation": 90, "texture": "#0"},
				"south": {"uv": [0.5, 6.5, 1, 7], "rotation": 90, "texture": "#0"},
				"west": {"uv": [1, 11, 1.5, 9], "rotation": 90, "texture": "#0"},
				"up": {"uv": [0.5, 6, 1, 8], "texture": "#0"},
				"down": {"uv": [0.5, 6, 1, 8], "texture": "#0"}
			}
		},
		{
			"from": [11.25, 18.25, 8.25],
			"to": [12.75, 16.75, 12.75],
			"rotation": {"angle": 45, "axis": "y", "origin": [8, 16.5, 8]},
			"faces": {
				"north": {"uv": [2.5, 6.5, 3, 7], "rotation": 90, "texture": "#0"},
				"east": {"uv": [2.5, 6.5, 3, 7], "rotation": 90, "texture": "#0"},
				"south": {"uv": [2.5, 6.5, 3, 7], "rotation": 90, "texture": "#0"},
				"west": {"uv": [2.5, 8.885, 3, 6.215], "rotation": 90, "texture": "#0"},
				"up": {"uv": [2.5, 6.5, 3, 7], "rotation": 90, "texture": "#0"},
				"down": {"uv": [2.5, 6.5, 3, 7], "rotation": 90, "texture": "#0"}
			}
		},
		{
			"from": [4.5, 16.75, 3.5],
			"to": [8.5, 17.75, 4.5],
			"rotation": {"angle": 45, "axis": "y", "origin": [8, 16.5, 8]},
			"faces": {
				"north": {"uv": [1, 8.5, 1.5, 6.5], "rotation": 90, "texture": "#0"},
				"east": {"uv": [0.5, 5.5, 1, 6], "rotation": 90, "texture": "#0"},
				"south": {"uv": [1, 11, 1.5, 9], "rotation": 90, "texture": "#0"},
				"west": {"uv": [1, 8.5, 1.5, 8], "rotation": 90, "texture": "#0"},
				"up": {"uv": [1, 6.5, 1.5, 8.5], "rotation": 90, "texture": "#0"},
				"down": {"uv": [1, 6.5, 1.5, 8.5], "rotation": 90, "texture": "#0"}
			}
		},
		{
			"from": [4.25, 16.5, 4.75],
			"to": [8.75, 18, 3.25],
			"rotation": {"angle": 45, "axis": "y", "origin": [8, 16.5, 8]},
			"faces": {
				"north": {"uv": [2.5, 6.215, 3, 8.885], "rotation": 90, "texture": "#0"},
				"east": {"uv": [2.5, 6.5, 3, 7], "rotation": 90, "texture": "#0"},
				"south": {"uv": [2.5, 6.5, 3, 7], "rotation": 90, "texture": "#0"},
				"up": {"uv": [2.5, 6.5, 3, 7], "rotation": 90, "texture": "#0"},
				"down": {"uv": [2.5, 6.5, 3, 7], "rotation": 90, "texture": "#0"}
			}
		},
		{
			"from": [7.5, 16.75, 11.5],
			"to": [11.5, 17.75, 12.5],
			"rotation": {"angle": 45, "axis": "y", "origin": [8, 16.5, 8]},
			"faces": {
				"north": {"uv": [1.5, 8.5, 1, 10.5], "rotation": 90, "texture": "#0"},
				"east": {"uv": [1, 8.5, 1.5, 8], "rotation": 90, "texture": "#0"},
				"south": {"uv": [1, 8.5, 1.5, 6.5], "rotation": 90, "texture": "#0"},
				"west": {"uv": [0.5, 5.5, 1, 6], "rotation": 90, "texture": "#0"},
				"up": {"uv": [1, 8.5, 1.5, 6.5], "rotation": 90, "texture": "#0"},
				"down": {"uv": [1, 8.5, 1.5, 6.5], "rotation": 90, "texture": "#0"}
			}
		},
		{
			"from": [7.25, 16.5, 12.75],
			"to": [11.75, 18, 11.25],
			"rotation": {"angle": 45, "axis": "y", "origin": [8, 16.5, 8]},
			"faces": {
				"north": {"uv": [2.5, 6.5, 3, 7], "rotation": 90, "texture": "#0"},
				"south": {"uv": [2.5, 6.215, 3, 8.885], "rotation": 90, "texture": "#0"},
				"west": {"uv": [2.5, 6.5, 3, 7], "rotation": 90, "texture": "#0"},
				"up": {"uv": [2.5, 6.5, 3, 7], "rotation": 90, "texture": "#0"},
				"down": {"uv": [2.5, 6.5, 3, 7], "rotation": 90, "texture": "#0"}
			}
		},
		{
			"from": [7.5, 16.75, 4.5],
			"to": [8.5, 17.75, 11.5],
			"rotation": {"angle": 45, "axis": "y", "origin": [8, 16.5, 8]},
			"faces": {
				"north": {"uv": [0, 0, 0.5, 0.5], "texture": "#missing"},
				"east": {"uv": [0.5, 6.5, 1, 10], "rotation": 90, "texture": "#0"},
				"south": {"uv": [0, 0, 0.5, 0.5], "texture": "#missing"},
				"west": {"uv": [0.5, 6.5, 1, 10], "rotation": 90, "texture": "#0"},
				"up": {"uv": [1, 6.5, 1.5, 10], "texture": "#0"},
				"down": {"uv": [1, 6.5, 1.5, 10], "texture": "#0"}
			}
		},
		{
			"from": [8.75, 16.5, 4.75],
			"to": [7.25, 18, 11.25],
			"rotation": {"angle": 45, "axis": "y", "origin": [8, 16.5, 8]},
			"faces": {
				"east": {"uv": [2.5, 6.5, 3, 7], "rotation": 90, "texture": "#0"},
				"west": {"uv": [2.5, 6.5, 3, 7], "rotation": 90, "texture": "#0"},
				"up": {"uv": [2.5, 6.5, 3, 7], "rotation": 90, "texture": "#0"},
				"down": {"uv": [2.5, 6.5, 3, 7], "rotation": 90, "texture": "#0"}
			}
		}
	],
	"display": {
		"thirdperson_righthand": {
			"translation": [0, -1.5, 2],
			"scale": [0.5, 0.5, 0.5]
		},
		"thirdperson_lefthand": {
			"translation": [0, -1.5, 2],
			"scale": [0.5, 0.5, 0.5]
		},
		"firstperson_righthand": {
			"rotation": [0, 180, 0],
			"scale": [0.5, 0.5, 0.5]
		},
		"firstperson_lefthand": {
			"rotation": [0, 180, 0],
			"scale": [0.5, 0.5, 0.5]
		},
		"ground": {
			"rotation": [22.5, 0, 22.5],
			"scale": [0.5, 0.5, 0.5]
		},
		"gui": {
			"rotation": [-150, 0, -135],
			"translation": [-3, -3, 0],
			"scale": [0.65, 0.65, 0.65]
		},
		"fixed": {
			"translation": [0, -2, 0],
			"scale": [0.5, 0.5, 0.5]
		}
	},
	"groups": [
		0,
		1,
		2,
		3,
		4,
		5,
		6,
		7,
		8,
		9,
		10,
		11,
		{
			"name": "group",
			"origin": [8, 8, 8],
			"color": 0,
			"children": [12, 13, 14, 15, 16, 17, 18, 19, 20, 21, 22, 23, 24, 25, 26, 27]
		},
		28,
		29,
		30,
		31,
		32,
		33,
		34,
		35,
		36,
		37,
		38,
		39
	]
}