{
	"format_version": "1.21.6",
	"credit": "Made with Blockbench",
	"parent": "block/block",
	"texture_size": [32, 32],
	"textures": {
		"1": "ugoblock:item/portable_wireless_redstone_transmitter_color",
		"2": "ugoblock:item/portable_wireless_redstone_transmitter",
		"particle": "ugoblock:item/portable_wireless_redstone_transmitter_color"
	},
	"elements": [
		{
			"name": "color1",
			"from": [10.5, 7.14394, 7.8448],
			"to": [11.5, 10.14394, 8.3448],
			"rotation": {"angle": -22.5, "axis": "x", "origin": [8, 8.11702, 7.84738]},
			"faces": {
				"north": {"uv": [0, 0, 2, 2], "rotation": 180, "texture": "#1", "tintindex": 0},
				"east": {"uv": [0, 0, 2, 2], "rotation": 270, "texture": "#1", "tintindex": 0},
				"south": {"uv": [0, 0, 2, 2], "texture": "#1", "tintindex": 0},
				"west": {"uv": [0, 0, 2, 2], "rotation": 90, "texture": "#1", "tintindex": 0},
				"up": {"uv": [0, 0, 2, 2], "rotation": 180, "texture": "#1", "tintindex": 0},
				"down": {"uv": [0, 0, 2, 2], "texture": "#1", "tintindex": 0}
			}
		},
		{
			"name": "color2",
			"from": [7.5, 7.14394, 7.8448],
			"to": [8.5, 10.14394, 8.3448],
			"rotation": {"angle": -22.5, "axis": "x", "origin": [8, 8.11702, 7.84738]},
			"faces": {
				"north": {"uv": [0, 0, 2, 2], "rotation": 180, "texture": "#1", "tintindex": 1},
				"east": {"uv": [0, 0, 2, 2], "rotation": 270, "texture": "#1", "tintindex": 1},
				"south": {"uv": [0, 0, 2, 2], "texture": "#1", "tintindex": 1},
				"west": {"uv": [0, 0, 2, 2], "rotation": 90, "texture": "#1", "tintindex": 1},
				"up": {"uv": [0, 0, 2, 2], "rotation": 180, "texture": "#1", "tintindex": 1},
				"down": {"uv": [0, 0, 2, 2], "texture": "#1", "tintindex": 1}
			}
		},
		{
			"name": "color3",
			"from": [4.5, 7.14394, 7.8448],
			"to": [5.5, 10.14394, 8.3448],
			"rotation": {"angle": -22.5, "axis": "x", "origin": [8, 8.11702, 7.84738]},
			"faces": {
				"north": {"uv": [0, 0, 2, 2], "rotation": 180, "texture": "#1", "tintindex": 2},
				"east": {"uv": [0, 0, 2, 2], "rotation": 270, "texture": "#1", "tintindex": 2},
				"south": {"uv": [0, 0, 2, 2], "texture": "#1", "tintindex": 2},
				"west": {"uv": [0, 0, 2, 2], "rotation": 90, "texture": "#1", "tintindex": 2},
				"up": {"uv": [0, 0, 2, 2], "rotation": 180, "texture": "#1", "tintindex": 2},
				"down": {"uv": [0, 0, 2, 2], "texture": "#1", "tintindex": 2}
			}
		},
		{
			"from": [10.4, 8.14394, 8.4448],
			"to": [11.6, 10.24394, 7.7448],
			"shade": false,
			"light_emission": 15,
			"rotation": {"angle": -22.5, "axis": "x", "origin": [8, 8.11702, 7.84738]},
			"faces": {
				"north": {"uv": [9.5, 3.5, 10, 4], "rotation": 180, "texture": "#2"},
				"east": {"uv": [9.5, 3.5, 10, 4], "rotation": 270, "texture": "#2"},
				"south": {"uv": [9.5, 3.5, 10, 4], "texture": "#2"},
				"west": {"uv": [9.5, 3.5, 10, 4], "rotation": 90, "texture": "#2"},
				"up": {"uv": [9.5, 3.5, 10, 4], "rotation": 180, "texture": "#2"},
				"down": {"uv": [9.5, 3.5, 10, 4], "texture": "#2"}
			}
		},
		{
			"from": [7.4, 8.14394, 8.4448],
			"to": [8.6, 10.24394, 7.7448],
			"shade": false,
			"light_emission": 15,
			"rotation": {"angle": -22.5, "axis": "x", "origin": [8, 8.11702, 7.84738]},
			"faces": {
				"north": {"uv": [9.5, 3.5, 10, 4], "rotation": 180, "texture": "#2"},
				"east": {"uv": [9.5, 3.5, 10, 4], "rotation": 270, "texture": "#2"},
				"south": {"uv": [9.5, 3.5, 10, 4], "texture": "#2"},
				"west": {"uv": [9.5, 3.5, 10, 4], "rotation": 90, "texture": "#2"},
				"up": {"uv": [9.5, 3.5, 10, 4], "rotation": 180, "texture": "#2"},
				"down": {"uv": [9.5, 3.5, 10, 4], "texture": "#2"}
			}
		},
		{
			"from": [4.4, 8.14394, 8.4448],
			"to": [5.6, 10.24394, 7.7448],
			"shade": false,
			"light_emission": 15,
			"rotation": {"angle": -22.5, "axis": "x", "origin": [8, 8.11702, 7.84738]},
			"faces": {
				"north": {"uv": [9.5, 3.5, 10, 4], "rotation": 180, "texture": "#2"},
				"east": {"uv": [9.5, 3.5, 10, 4], "rotation": 270, "texture": "#2"},
				"south": {"uv": [9.5, 3.5, 10, 4], "texture": "#2"},
				"west": {"uv": [9.5, 3.5, 10, 4], "rotation": 90, "texture": "#2"},
				"up": {"uv": [9.5, 3.5, 10, 4], "rotation": 180, "texture": "#2"},
				"down": {"uv": [9.5, 3.5, 10, 4], "texture": "#2"}
			}
		},
		{
			"from": [10, 6.11, 7.5],
			"to": [12, 9.11, 8.1],
			"rotation": {"angle": 22.5, "axis": "x", "origin": [4, 7, 9]},
			"faces": {
				"north": {"uv": [2.5, 3, 3.5, 4.5], "texture": "#2"},
				"east": {"uv": [0, 4.5, 0.5, 6], "texture": "#2"},
				"south": {"uv": [2.5, 3, 3.5, 4.5], "texture": "#2"},
				"west": {"uv": [0, 4.5, 0.5, 6], "texture": "#2"},
				"up": {"uv": [1, 0.5, 0, 0], "texture": "#2"},
				"down": {"uv": [1, 0.5, 0, 0], "texture": "#2"}
			}
		},
		{
			"from": [7, 6.11, 7.5],
			"to": [9, 9.11, 8.1],
			"rotation": {"angle": 22.5, "axis": "x", "origin": [1, 7, 9]},
			"faces": {
				"north": {"uv": [2.5, 3, 3.5, 4.5], "texture": "#2"},
				"east": {"uv": [0, 4.5, 0.5, 6], "texture": "#2"},
				"south": {"uv": [2.5, 3, 3.5, 4.5], "texture": "#2"},
				"west": {"uv": [0, 4.5, 0.5, 6], "texture": "#2"},
				"up": {"uv": [1, 0.5, 0, 0], "texture": "#2"},
				"down": {"uv": [1, 0.5, 0, 0], "texture": "#2"}
			}
		},
		{
			"from": [4, 6.11, 7.5],
			"to": [6, 9.11, 8.1],
			"rotation": {"angle": 22.5, "axis": "x", "origin": [-2, 7, 9]},
			"faces": {
				"north": {"uv": [2.5, 3, 3.5, 4.5], "texture": "#2"},
				"east": {"uv": [0, 4.5, 0.5, 6], "texture": "#2"},
				"south": {"uv": [2.5, 3, 3.5, 4.5], "texture": "#2"},
				"west": {"uv": [0, 4.5, 0.5, 6], "texture": "#2"},
				"up": {"uv": [1, 0.5, 0, 0], "texture": "#2"},
				"down": {"uv": [1, 0.5, 0, 0], "texture": "#2"}
			}
		},
		{
			"from": [4.4, 7.62, 7.499],
			"to": [5.6, 8.445, 7.499],
			"rotation": {"angle": 22.5, "axis": "x", "origin": [-2, 7, 9]},
			"faces": {
				"north": {"uv": [9.5, 3.5, 10, 4], "texture": "#2"}
			}
		},
		{
			"from": [7.4, 7.62, 7.499],
			"to": [8.6, 8.445, 7.499],
			"rotation": {"angle": 22.5, "axis": "x", "origin": [1, 7, 9]},
			"faces": {
				"north": {"uv": [9.5, 3.5, 10, 4], "texture": "#2"}
			}
		},
		{
			"from": [10.4, 7.62, 7.499],
			"to": [11.6, 8.445, 7.499],
			"rotation": {"angle": 22.5, "axis": "x", "origin": [4, 7, 9]},
			"faces": {
				"north": {"uv": [9.5, 3.5, 10, 4], "texture": "#2"}
			}
		},
		{
			"from": [3, 6, 8],
			"to": [13, 10, 10],
			"rotation": {"angle": 22.5, "axis": "x", "origin": [7, 7, 8]},
			"faces": {
				"north": {"uv": [1, 1, 6, 3], "texture": "#2"},
				"east": {"uv": [0, 1, 1, 3], "texture": "#2"},
				"south": {"uv": [1, 1, 6, 3], "texture": "#2"},
				"west": {"uv": [6, 1, 7, 3], "texture": "#2"},
				"up": {"uv": [6, 1, 1, 0], "texture": "#2"},
				"down": {"uv": [6, 5.5, 1, 6.5], "texture": "#2"}
			}
		},
		{
			"from": [7.5, 10, 8.5],
			"to": [8.5, 14, 9.5],
			"rotation": {"angle": 22.5, "axis": "x", "origin": [7, 7, 8]},
			"faces": {
				"north": {"uv": [7, 0, 7.5, 2], "texture": "#2"},
				"east": {"uv": [7, 0, 7.5, 2], "texture": "#2"},
				"south": {"uv": [7, 0, 7.5, 2], "texture": "#2"},
				"west": {"uv": [7, 0, 7.5, 2], "texture": "#2"}
			}
		},
		{
			"from": [7.5, 14, 8.5],
			"to": [8.5, 15, 9.5],
			"rotation": {"angle": 22.5, "axis": "x", "origin": [7, 7, 8]},
			"faces": {
				"north": {"uv": [1.5, 6.5, 2, 7], "texture": "#2"},
				"east": {"uv": [1.5, 6.5, 2, 7], "texture": "#2"},
				"south": {"uv": [1.5, 6.5, 2, 7], "texture": "#2"},
				"west": {"uv": [1.5, 6.5, 2, 7], "texture": "#2"},
				"up": {"uv": [1.5, 6.5, 2, 7], "texture": "#2"},
				"down": {"uv": [1.5, 6.5, 2, 7], "texture": "#2"}
			}
		},
		{
			"from": [7.25, 13.75, 9.75],
			"to": [8.75, 15.25, 8.25],
			"rotation": {"angle": 22.5, "axis": "x", "origin": [7, 7, 8]},
			"faces": {
				"north": {"uv": [0, 6.5, 0.5, 7], "texture": "#2"},
				"east": {"uv": [0, 6.5, 0.5, 7], "texture": "#2"},
				"south": {"uv": [0, 6.5, 0.5, 7], "texture": "#2"},
				"west": {"uv": [0, 6.5, 0.5, 7], "texture": "#2"},
				"up": {"uv": [0, 6.5, 0.5, 7], "texture": "#2"},
				"down": {"uv": [0, 6.5, 0.5, 7], "texture": "#2"}
			}
		},
		{
			"from": [2.75, 10.25, 7.75],
			"to": [13.25, 5.75, 10.25],
			"rotation": {"angle": 22.5, "axis": "x", "origin": [7, 7, 8]},
			"faces": {
				"north": {"uv": [7, 4.5, 7.5, 2], "texture": "#2"},
				"east": {"uv": [7, 4.5, 7.5, 2], "texture": "#2"},
				"south": {"uv": [7, 4.5, 7.5, 2], "texture": "#2"},
				"west": {"uv": [7, 4.5, 7.5, 2], "texture": "#2"},
				"up": {"uv": [12.5, 3.5, 8, 2], "texture": "#2"},
				"down": {"uv": [7.5, 2, 7, 2.5], "texture": "#2"}
			}
		},
		{
			"from": [3, 3, 8],
			"to": [6, 6, 10],
			"rotation": {"angle": 22.5, "axis": "x", "origin": [7, 7, 8]},
			"faces": {
				"north": {"uv": [4.5, 3, 6, 4.5], "texture": "#2"},
				"east": {"uv": [3.5, 3, 4.5, 4.5], "texture": "#2"},
				"south": {"uv": [1, 3, 2.5, 4.5], "texture": "#2"},
				"west": {"uv": [6, 3, 7, 4.5], "texture": "#2"},
				"down": {"uv": [2.5, 4.5, 1, 5.5], "texture": "#2"}
			}
		},
		{
			"from": [10, 3, 8],
			"to": [13, 6, 10],
			"rotation": {"angle": 22.5, "axis": "x", "origin": [7, 7, 8]},
			"faces": {
				"north": {"uv": [1, 3, 2.5, 4.5], "texture": "#2"},
				"east": {"uv": [0, 3, 1, 4.5], "texture": "#2"},
				"south": {"uv": [4.5, 3, 6, 4.5], "texture": "#2"},
				"west": {"uv": [3.5, 3, 4.5, 4.5], "texture": "#2"},
				"down": {"uv": [6, 4.5, 4.5, 5.5], "texture": "#2"}
			}
		},
		{
			"from": [9.75, 2.75, 10.25],
			"to": [13.25, 5.75, 7.75],
			"rotation": {"angle": 22.5, "axis": "x", "origin": [7, 7, 8]},
			"faces": {
				"north": {"uv": [7, 4.5, 7.5, 6], "texture": "#2"},
				"east": {"uv": [7, 4.5, 7.5, 6], "texture": "#2"},
				"south": {"uv": [7, 4.5, 7.5, 6], "texture": "#2"},
				"west": {"uv": [7, 4.5, 7.5, 6], "texture": "#2"},
				"down": {"uv": [7.5, 5.5, 7, 6], "texture": "#2"}
			}
		},
		{
			"from": [2.75, 2.75, 10.25],
			"to": [6.25, 5.75, 7.75],
			"rotation": {"angle": 22.5, "axis": "x", "origin": [7, 7, 8]},
			"faces": {
				"north": {"uv": [7, 4.5, 7.5, 6], "texture": "#2"},
				"east": {"uv": [7, 4.5, 7.5, 6], "texture": "#2"},
				"south": {"uv": [7, 4.5, 7.5, 6], "texture": "#2"},
				"west": {"uv": [7, 4.5, 7.5, 6], "texture": "#2"},
				"down": {"uv": [7.5, 5.5, 7, 6], "texture": "#2"}
			}
		}
	],
	"gui_light": "front",
	"display": {
		"thirdperson_righthand": {
			"rotation": [0, -180, 0],
			"translation": [0, 2, 0],
			"scale": [0.5, 0.5, 0.5]
		},
		"thirdperson_lefthand": {
			"rotation": [0, -180, 0],
			"translation": [0, 2, 0],
			"scale": [0.5, 0.5, 0.5]
		},
		"firstperson_righthand": {
			"rotation": [0, -180, 0],
			"translation": [0, 2.25, 0],
			"scale": [0.6, 0.6, 0.6]
		},
		"firstperson_lefthand": {
			"rotation": [0, -180, 0],
			"translation": [0, 2.25, 0],
			"scale": [0.6, 0.6, 0.6]
		},
		"ground": {
			"rotation": [30, -180, -180],
			"scale": [0.5, 0.5, 0.5]
		},
		"gui": {
			"rotation": [-150, -22.5, -180],
			"translation": [0, -1, 0],
			"scale": [1.25, 1.25, 1.25]
		},
		"fixed": {
			"rotation": [-22.5, 0, 0],
			"translation": [0, 0, -1.75]
		}
	}
}